"Benchmark","Mode","Threads","Samples","Score","Score Error (99.9%)","Unit","Param: concurrency","Param: impl","Param: iterations"
"algo.bench.ConnectedComponentsBenchmark.wccCount","avgt",1,10,93.872903,26.906724,"us/op",,,
"algo.bench.ConnectedComponentsBenchmark.wccCount:·gc.alloc.rate","avgt",1,10,182.525452,38.212968,"MB/sec",,,
"algo.bench.ConnectedComponentsBenchmark.wccCount:·gc.alloc.rate.norm","avgt",1,10,26544.542544,90.045607,"B/op",,,
"algo.bench.ConnectedComponentsBenchmark.wccCount:·gc.churn.PS_Eden_Space","avgt",1,10,204.460843,497.723964,"MB/sec",,,
"algo.bench.ConnectedComponentsBenchmark.wccCount:·gc.churn.PS_Eden_Space.norm","avgt",1,10,34564.550319,87277.171858,"B/op",,,
"algo.bench.ConnectedComponentsBenchmark.wccCount:·gc.churn.PS_Survivor_Space","avgt",1,10,0.451287,2.157564,"MB/sec",,,
"algo.bench.ConnectedComponentsBenchmark.wccCount:·gc.churn.PS_Survivor_Space.norm","avgt",1,10,100.715951,481.514156,"B/op",,,
"algo.bench.ConnectedComponentsBenchmark.wccCount:·gc.count","avgt",1,10,3.000000,NaN,"counts",,,
"algo.bench.ConnectedComponentsBenchmark.wccCount:·gc.time","avgt",1,10,269.000000,NaN,"ms",,,
"org.neo4j.graphalgo.bench.BetweennessCentralityBenchmark._01_benchmark","avgt",1,5,4730689.479000,741871.107885,"us/op",0,,
"org.neo4j.graphalgo.bench.BetweennessCentralityBenchmark._01_benchmark:·gc.alloc.rate","avgt",1,5,16.483081,2.555493,"MB/sec",0,,
"org.neo4j.graphalgo.bench.BetweennessCentralityBenchmark._01_benchmark:·gc.alloc.rate.norm","avgt",1,5,90771620.800000,5209570.494306,"B/op",0,,
"org.neo4j.graphalgo.bench.BetweennessCentralityBenchmark._01_benchmark:·gc.count","avgt",1,5,0.000000,NaN,"counts",0,,
"org.neo4j.graphalgo.bench.BetweennessCentralityBenchmark._01_benchmark","avgt",1,5,7921093.704600,728427.218314,"us/op",1,,
"org.neo4j.graphalgo.bench.BetweennessCentralityBenchmark._01_benchmark:·gc.alloc.rate","avgt",1,5,8.415878,14.318975,"MB/sec",1,,
"org.neo4j.graphalgo.bench.BetweennessCentralityBenchmark._01_benchmark:·gc.alloc.rate.norm","avgt",1,5,73948952.000000,123807836.410554,"B/op",1,,
"org.neo4j.graphalgo.bench.BetweennessCentralityBenchmark._01_benchmark:·gc.count","avgt",1,5,0.000000,NaN,"counts",1,,
"org.neo4j.graphalgo.bench.BetweennessCentralityBenchmark._01_benchmark","avgt",1,5,4524715.438400,1055638.870700,"us/op",2,,
"org.neo4j.graphalgo.bench.BetweennessCentralityBenchmark._01_benchmark:·gc.alloc.rate","avgt",1,5,14.466042,25.229789,"MB/sec",2,,
"org.neo4j.graphalgo.bench.BetweennessCentralityBenchmark._01_benchmark:·gc.alloc.rate.norm","avgt",1,5,75049996.800000,125807951.058363,"B/op",2,,
"org.neo4j.graphalgo.bench.BetweennessCentralityBenchmark._01_benchmark:·gc.count","avgt",1,5,0.000000,NaN,"counts",2,,
"org.neo4j.graphalgo.bench.BetweennessCentralityBenchmark._01_benchmark","avgt",1,5,2603478.435400,780875.687554,"us/op",4,,
"org.neo4j.graphalgo.bench.BetweennessCentralityBenchmark._01_benchmark:·gc.alloc.rate","avgt",1,5,23.331294,39.298092,"MB/sec",4,,
"org.neo4j.graphalgo.bench.BetweennessCentralityBenchmark._01_benchmark:·gc.alloc.rate.norm","avgt",1,5,77246788.800000,129801374.696334,"B/op",4,,
"org.neo4j.graphalgo.bench.BetweennessCentralityBenchmark._01_benchmark:·gc.churn.PS_Eden_Space","avgt",1,5,66.313223,570.976849,"MB/sec",4,,
"org.neo4j.graphalgo.bench.BetweennessCentralityBenchmark._01_benchmark:·gc.churn.PS_Eden_Space.norm","avgt",1,5,214748364.800000,1849048185.036073,"B/op",4,,
"org.neo4j.graphalgo.bench.BetweennessCentralityBenchmark._01_benchmark:·gc.count","avgt",1,5,1.000000,NaN,"counts",4,,
"org.neo4j.graphalgo.bench.BetweennessCentralityBenchmark._01_benchmark:·gc.time","avgt",1,5,20.000000,NaN,"ms",4,,
"org.neo4j.graphalgo.bench.BetweennessCentralityBenchmark._01_benchmark","avgt",1,5,1911003.321400,1567401.213396,"us/op",8,,
"org.neo4j.graphalgo.bench.BetweennessCentralityBenchmark._01_benchmark:·gc.alloc.rate","avgt",1,5,33.419564,63.558886,"MB/sec",8,,
"org.neo4j.graphalgo.bench.BetweennessCentralityBenchmark._01_benchmark:·gc.alloc.rate.norm","avgt",1,5,81625401.600000,137748164.430552,"B/op",8,,
"org.neo4j.graphalgo.bench.BetweennessCentralityBenchmark._01_benchmark:·gc.churn.PS_Eden_Space","avgt",1,5,72.856140,627.313334,"MB/sec",8,,
"org.neo4j.graphalgo.bench.BetweennessCentralityBenchmark._01_benchmark:·gc.churn.PS_Eden_Space.norm","avgt",1,5,214748364.800000,1849048185.036073,"B/op",8,,
"org.neo4j.graphalgo.bench.BetweennessCentralityBenchmark._01_benchmark:·gc.count","avgt",1,5,1.000000,NaN,"counts",8,,
"org.neo4j.graphalgo.bench.BetweennessCentralityBenchmark._01_benchmark:·gc.time","avgt",1,5,87.000000,NaN,"ms",8,,
"org.neo4j.graphalgo.bench.MultistepSCCBenchmark._01_multistepSCCsequential","avgt",1,5,919.224432,819.528600,"us/op",,,
"org.neo4j.graphalgo.bench.MultistepSCCBenchmark._01_multistepSCCsequential:·gc.alloc.rate","avgt",1,5,2244.139943,2605.239481,"MB/sec",,,
"org.neo4j.graphalgo.bench.MultistepSCCBenchmark._01_multistepSCCsequential:·gc.alloc.rate.norm","avgt",1,5,3283448.235723,57590.965191,"B/op",,,
"org.neo4j.graphalgo.bench.MultistepSCCBenchmark._01_multistepSCCsequential:·gc.churn.PS_Eden_Space","avgt",1,5,2303.012497,3465.907540,"MB/sec",,,
"org.neo4j.graphalgo.bench.MultistepSCCBenchmark._01_multistepSCCsequential:·gc.churn.PS_Eden_Space.norm","avgt",1,5,3349409.359049,2387818.457383,"B/op",,,
"org.neo4j.graphalgo.bench.MultistepSCCBenchmark._01_multistepSCCsequential:·gc.churn.PS_Survivor_Space","avgt",1,5,0.813535,4.383952,"MB/sec",,,
"org.neo4j.graphalgo.bench.MultistepSCCBenchmark._01_multistepSCCsequential:·gc.churn.PS_Survivor_Space.norm","avgt",1,5,1023.105567,5395.047317,"B/op",,,
"org.neo4j.graphalgo.bench.MultistepSCCBenchmark._01_multistepSCCsequential:·gc.count","avgt",1,5,14.000000,NaN,"counts",,,
"org.neo4j.graphalgo.bench.MultistepSCCBenchmark._01_multistepSCCsequential:·gc.time","avgt",1,5,321.000000,NaN,"ms",,,
"org.neo4j.graphalgo.bench.MultistepSCCBenchmark._02_multistepSCCparallel","avgt",1,5,974.897027,1804.720250,"us/op",,,
"org.neo4j.graphalgo.bench.MultistepSCCBenchmark._02_multistepSCCparallel:·gc.alloc.rate","avgt",1,5,2308.407624,2664.809929,"MB/sec",,,
"org.neo4j.graphalgo.bench.MultistepSCCBenchmark._02_multistepSCCparallel:·gc.alloc.rate.norm","avgt",1,5,3285452.278493,78897.580942,"B/op",,,
"org.neo4j.graphalgo.bench.MultistepSCCBenchmark._02_multistepSCCparallel:·gc.churn.PS_Eden_Space","avgt",1,5,2246.446883,3705.205112,"MB/sec",,,
"org.neo4j.graphalgo.bench.MultistepSCCBenchmark._02_multistepSCCparallel:·gc.churn.PS_Eden_Space.norm","avgt",1,5,3104039.803041,3054857.210037,"B/op",,,
"org.neo4j.graphalgo.bench.MultistepSCCBenchmark._02_multistepSCCparallel:·gc.churn.PS_Survivor_Space","avgt",1,5,1.008759,4.307849,"MB/sec",,,
"org.neo4j.graphalgo.bench.MultistepSCCBenchmark._02_multistepSCCparallel:·gc.churn.PS_Survivor_Space.norm","avgt",1,5,1243.757565,5552.234389,"B/op",,,
"org.neo4j.graphalgo.bench.MultistepSCCBenchmark._02_multistepSCCparallel:·gc.count","avgt",1,5,14.000000,NaN,"counts",,,
"org.neo4j.graphalgo.bench.MultistepSCCBenchmark._02_multistepSCCparallel:·gc.time","avgt",1,5,461.000000,NaN,"ms",,,
"org.neo4j.graphalgo.bench.MultistepSCCBenchmark._03_multistepSCCtarjan","avgt",1,5,741.157485,238.024421,"us/op",,,
"org.neo4j.graphalgo.bench.MultistepSCCBenchmark._03_multistepSCCtarjan:·gc.alloc.rate","avgt",1,5,2668.931968,454.996362,"MB/sec",,,
"org.neo4j.graphalgo.bench.MultistepSCCBenchmark._03_multistepSCCtarjan:·gc.alloc.rate.norm","avgt",1,5,3276219.123581,3535.649881,"B/op",,,
"org.neo4j.graphalgo.bench.MultistepSCCBenchmark._03_multistepSCCtarjan:·gc.churn.PS_Eden_Space","avgt",1,5,2814.993157,1373.509233,"MB/sec",,,
"org.neo4j.graphalgo.bench.MultistepSCCBenchmark._03_multistepSCCtarjan:·gc.churn.PS_Eden_Space.norm","avgt",1,5,3456586.575900,1575364.545276,"B/op",,,
"org.neo4j.graphalgo.bench.MultistepSCCBenchmark._03_multistepSCCtarjan:·gc.churn.PS_Survivor_Space","avgt",1,5,1.215556,3.122706,"MB/sec",,,
"org.neo4j.graphalgo.bench.MultistepSCCBenchmark._03_multistepSCCtarjan:·gc.churn.PS_Survivor_Space.norm","avgt",1,5,1503.245000,3858.124165,"B/op",,,
"org.neo4j.graphalgo.bench.MultistepSCCBenchmark._03_multistepSCCtarjan:·gc.count","avgt",1,5,17.000000,NaN,"counts",,,
"org.neo4j.graphalgo.bench.MultistepSCCBenchmark._03_multistepSCCtarjan:·gc.time","avgt",1,5,191.000000,NaN,"ms",,,
"org.neo4j.graphalgo.bench.PageRankBenchmark.run","avgt",1,5,35.071023,7.823468,"us/op",,LIGHT,5
"org.neo4j.graphalgo.bench.PageRankBenchmark.run:·gc.alloc.rate","avgt",1,5,374.664159,103.934441,"MB/sec",,LIGHT,5
"org.neo4j.graphalgo.bench.PageRankBenchmark.run:·gc.alloc.rate.norm","avgt",1,5,20892.938292,196.088429,"B/op",,LIGHT,5
"org.neo4j.graphalgo.bench.PageRankBenchmark.run:·gc.churn.PS_Eden_Space","avgt",1,5,400.087032,1407.887345,"MB/sec",,LIGHT,5
"org.neo4j.graphalgo.bench.PageRankBenchmark.run:·gc.churn.PS_Eden_Space.norm","avgt",1,5,22609.444939,79836.341673,"B/op",,LIGHT,5
"org.neo4j.graphalgo.bench.PageRankBenchmark.run:·gc.churn.PS_Survivor_Space","avgt",1,5,0.405907,3.092335,"MB/sec",,LIGHT,5
"org.neo4j.graphalgo.bench.PageRankBenchmark.run:·gc.churn.PS_Survivor_Space.norm","avgt",1,5,23.748610,180.004602,"B/op",,LIGHT,5
"org.neo4j.graphalgo.bench.PageRankBenchmark.run:·gc.count","avgt",1,5,3.000000,NaN,"counts",,LIGHT,5
"org.neo4j.graphalgo.bench.PageRankBenchmark.run:·gc.time","avgt",1,5,49.000000,NaN,"ms",,LIGHT,5
"org.neo4j.graphalgo.bench.PageRankBenchmark.run","avgt",1,5,53.067949,20.069622,"us/op",,LIGHT,20
"org.neo4j.graphalgo.bench.PageRankBenchmark.run:·gc.alloc.rate","avgt",1,5,249.771056,104.508133,"MB/sec",,LIGHT,20
"org.neo4j.graphalgo.bench.PageRankBenchmark.run:·gc.alloc.rate.norm","avgt",1,5,20921.565354,254.422564,"B/op",,LIGHT,20
"org.neo4j.graphalgo.bench.PageRankBenchmark.run:·gc.churn.PS_Eden_Space","avgt",1,5,265.221038,1399.170278,"MB/sec",,LIGHT,20
"org.neo4j.graphalgo.bench.PageRankBenchmark.run:·gc.churn.PS_Eden_Space.norm","avgt",1,5,24670.267452,130194.288841,"B/op",,LIGHT,20
"org.neo4j.graphalgo.bench.PageRankBenchmark.run:·gc.churn.PS_Survivor_Space","avgt",1,5,0.369769,3.183824,"MB/sec",,LIGHT,20
"org.neo4j.graphalgo.bench.PageRankBenchmark.run:·gc.churn.PS_Survivor_Space.norm","avgt",1,5,34.645125,298.304971,"B/op",,LIGHT,20
"org.neo4j.graphalgo.bench.PageRankBenchmark.run:·gc.count","avgt",1,5,2.000000,NaN,"counts",,LIGHT,20
"org.neo4j.graphalgo.bench.PageRankBenchmark.run:·gc.time","avgt",1,5,224.000000,NaN,"ms",,LIGHT,20
"org.neo4j.graphalgo.bench.PageRankBenchmark.run","avgt",1,5,111.075966,2.690300,"us/op",,LIGHT,100
"org.neo4j.graphalgo.bench.PageRankBenchmark.run:·gc.alloc.rate","avgt",1,5,117.110458,16.744235,"MB/sec",,LIGHT,100
"org.neo4j.graphalgo.bench.PageRankBenchmark.run:·gc.alloc.rate.norm","avgt",1,5,20914.117639,706.391574,"B/op",,LIGHT,100
"org.neo4j.graphalgo.bench.PageRankBenchmark.run:·gc.churn.PS_Eden_Space","avgt",1,5,136.454900,1174.917838,"MB/sec",,LIGHT,100
"org.neo4j.graphalgo.bench.PageRankBenchmark.run:·gc.churn.PS_Eden_Space.norm","avgt",1,5,24034.512009,206944.396758,"B/op",,LIGHT,100
"org.neo4j.graphalgo.bench.PageRankBenchmark.run:·gc.count","avgt",1,5,1.000000,NaN,"counts",,LIGHT,100
"org.neo4j.graphalgo.bench.PageRankBenchmark.run:·gc.time","avgt",1,5,25.000000,NaN,"ms",,LIGHT,100
"org.neo4j.graphalgo.bench.PageRankBenchmark.run","avgt",1,5,63.381195,18.744874,"us/op",,HEAVY,5
"org.neo4j.graphalgo.bench.PageRankBenchmark.run:·gc.alloc.rate","avgt",1,5,514.883480,187.772594,"MB/sec",,HEAVY,5
"org.neo4j.graphalgo.bench.PageRankBenchmark.run:·gc.alloc.rate.norm","avgt",1,5,51608.604219,398.492803,"B/op",,HEAVY,5
"org.neo4j.graphalgo.bench.PageRankBenchmark.run:·gc.churn.PS_Eden_Space","avgt",1,5,575.674740,1264.272954,"MB/sec",,HEAVY,5
"org.neo4j.graphalgo.bench.PageRankBenchmark.run:·gc.churn.PS_Eden_Space.norm","avgt",1,5,60354.322429,134379.994230,"B/op",,HEAVY,5
"org.neo4j.graphalgo.bench.PageRankBenchmark.run:·gc.churn.PS_Survivor_Space","avgt",1,5,0.407423,3.444781,"MB/sec",,HEAVY,5
"org.neo4j.graphalgo.bench.PageRankBenchmark.run:·gc.churn.PS_Survivor_Space.norm","avgt",1,5,42.159819,356.104163,"B/op",,HEAVY,5
"org.neo4j.graphalgo.bench.PageRankBenchmark.run:·gc.count","avgt",1,5,4.000000,NaN,"counts",,HEAVY,5
"org.neo4j.graphalgo.bench.PageRankBenchmark.run:·gc.time","avgt",1,5,206.000000,NaN,"ms",,HEAVY,5
"org.neo4j.graphalgo.bench.PageRankBenchmark.run","avgt",1,5,69.785181,37.745924,"us/op",,HEAVY,20
"org.neo4j.graphalgo.bench.PageRankBenchmark.run:·gc.alloc.rate","avgt",1,5,472.724850,280.587565,"MB/sec",,HEAVY,20
"org.neo4j.graphalgo.bench.PageRankBenchmark.run:·gc.alloc.rate.norm","avgt",1,5,51626.589053,497.650325,"B/op",,HEAVY,20
"org.neo4j.graphalgo.bench.PageRankBenchmark.run:·gc.churn.PS_Eden_Space","avgt",1,5,574.766891,1260.542084,"MB/sec",,HEAVY,20
"org.neo4j.graphalgo.bench.PageRankBenchmark.run:·gc.churn.PS_Eden_Space.norm","avgt",1,5,66224.785410,159414.773526,"B/op",,HEAVY,20
"org.neo4j.graphalgo.bench.PageRankBenchmark.run:·gc.churn.PS_Survivor_Space","avgt",1,5,0.399867,3.288376,"MB/sec",,HEAVY,20
"org.neo4j.graphalgo.bench.PageRankBenchmark.run:·gc.churn.PS_Survivor_Space.norm","avgt",1,5,36.958962,302.052546,"B/op",,HEAVY,20
"org.neo4j.graphalgo.bench.PageRankBenchmark.run:·gc.count","avgt",1,5,4.000000,NaN,"counts",,HEAVY,20
"org.neo4j.graphalgo.bench.PageRankBenchmark.run:·gc.time","avgt",1,5,119.000000,NaN,"ms",,HEAVY,20
"org.neo4j.graphalgo.bench.PageRankBenchmark.run","avgt",1,5,107.796548,7.501313,"us/op",,HEAVY,100
"org.neo4j.graphalgo.bench.PageRankBenchmark.run:·gc.alloc.rate","avgt",1,5,300.229107,20.782695,"MB/sec",,HEAVY,100
"org.neo4j.graphalgo.bench.PageRankBenchmark.run:·gc.alloc.rate.norm","avgt",1,5,51637.475439,696.168703,"B/op",,HEAVY,100
"org.neo4j.graphalgo.bench.PageRankBenchmark.run:·gc.churn.PS_Eden_Space","avgt",1,5,272.034608,1434.372902,"MB/sec",,HEAVY,100
"org.neo4j.graphalgo.bench.PageRankBenchmark.run:·gc.churn.PS_Eden_Space.norm","avgt",1,5,46852.545447,247051.441799,"B/op",,HEAVY,100
"org.neo4j.graphalgo.bench.PageRankBenchmark.run:·gc.churn.PS_Survivor_Space","avgt",1,5,0.387281,3.334607,"MB/sec",,HEAVY,100
"org.neo4j.graphalgo.bench.PageRankBenchmark.run:·gc.churn.PS_Survivor_Space.norm","avgt",1,5,65.985968,568.159084,"B/op",,HEAVY,100
"org.neo4j.graphalgo.bench.PageRankBenchmark.run:·gc.count","avgt",1,5,2.000000,NaN,"counts",,HEAVY,100
"org.neo4j.graphalgo.bench.PageRankBenchmark.run:·gc.time","avgt",1,5,16.000000,NaN,"ms",,HEAVY,100
"org.neo4j.graphalgo.bench.PageRankBenchmark.run","avgt",1,5,101.396283,60.473670,"us/op",,VIEW,5
"org.neo4j.graphalgo.bench.PageRankBenchmark.run:·gc.alloc.rate","avgt",1,5,334.861284,199.321099,"MB/sec",,VIEW,5
"org.neo4j.graphalgo.bench.PageRankBenchmark.run:·gc.alloc.rate.norm","avgt",1,5,53006.737105,819.491414,"B/op",,VIEW,5
"org.neo4j.graphalgo.bench.PageRankBenchmark.run:·gc.churn.PS_Eden_Space","avgt",1,5,401.633409,1413.113035,"MB/sec",,VIEW,5
"org.neo4j.graphalgo.bench.PageRankBenchmark.run:·gc.churn.PS_Eden_Space.norm","avgt",1,5,70509.471064,252062.023101,"B/op",,VIEW,5
"org.neo4j.graphalgo.bench.PageRankBenchmark.run:·gc.churn.PS_Survivor_Space","avgt",1,5,0.362292,3.077342,"MB/sec",,VIEW,5
"org.neo4j.graphalgo.bench.PageRankBenchmark.run:·gc.churn.PS_Survivor_Space.norm","avgt",1,5,56.926999,481.213346,"B/op",,VIEW,5
"org.neo4j.graphalgo.bench.PageRankBenchmark.run:·gc.count","avgt",1,5,3.000000,NaN,"counts",,VIEW,5
"org.neo4j.graphalgo.bench.PageRankBenchmark.run:·gc.time","avgt",1,5,241.000000,NaN,"ms",,VIEW,5
"org.neo4j.graphalgo.bench.PageRankBenchmark.run","avgt",1,5,477.236842,372.104712,"us/op",,VIEW,20
"org.neo4j.graphalgo.bench.PageRankBenchmark.run:·gc.alloc.rate","avgt",1,5,269.185407,168.098540,"MB/sec",,VIEW,20
"org.neo4j.graphalgo.bench.PageRankBenchmark.run:·gc.alloc.rate.norm","avgt",1,5,199701.202999,2066.263640,"B/op",,VIEW,20
"org.neo4j.graphalgo.bench.PageRankBenchmark.run:·gc.churn.PS_Eden_Space","avgt",1,5,263.335295,1389.993018,"MB/sec",,VIEW,20
"org.neo4j.graphalgo.bench.PageRankBenchmark.run:·gc.churn.PS_Eden_Space.norm","avgt",1,5,186567.137678,984921.860654,"B/op",,VIEW,20
"org.neo4j.graphalgo.bench.PageRankBenchmark.run:·gc.churn.PS_Survivor_Space","avgt",1,5,0.367846,3.064127,"MB/sec",,VIEW,20
"org.neo4j.graphalgo.bench.PageRankBenchmark.run:·gc.churn.PS_Survivor_Space.norm","avgt",1,5,261.168826,2175.845930,"B/op",,VIEW,20
"org.neo4j.graphalgo.bench.PageRankBenchmark.run:·gc.count","avgt",1,5,2.000000,NaN,"counts",,VIEW,20
"org.neo4j.graphalgo.bench.PageRankBenchmark.run:·gc.time","avgt",1,5,27.000000,NaN,"ms",,VIEW,20
"org.neo4j.graphalgo.bench.PageRankBenchmark.run","avgt",1,5,1867.609410,1607.734684,"us/op",,VIEW,100
"org.neo4j.graphalgo.bench.PageRankBenchmark.run:·gc.alloc.rate","avgt",1,5,345.098092,341.155219,"MB/sec",,VIEW,100
"org.neo4j.graphalgo.bench.PageRankBenchmark.run:·gc.alloc.rate.norm","avgt",1,5,989372.617618,9429.634224,"B/op",,VIEW,100
"org.neo4j.graphalgo.bench.PageRankBenchmark.run:·gc.churn.PS_Eden_Space","avgt",1,5,396.023535,1395.854374,"MB/sec",,VIEW,100
"org.neo4j.graphalgo.bench.PageRankBenchmark.run:·gc.churn.PS_Eden_Space.norm","avgt",1,5,1311776.176441,4726208.977191,"B/op",,VIEW,100
"org.neo4j.graphalgo.bench.PageRankBenchmark.run:·gc.churn.PS_Survivor_Space","avgt",1,5,0.357079,3.034219,"MB/sec",,VIEW,100
"org.neo4j.graphalgo.bench.PageRankBenchmark.run:·gc.churn.PS_Survivor_Space.norm","avgt",1,5,1372.781773,11689.881481,"B/op",,VIEW,100
"org.neo4j.graphalgo.bench.PageRankBenchmark.run:·gc.count","avgt",1,5,3.000000,NaN,"counts",,VIEW,100
"org.neo4j.graphalgo.bench.PageRankBenchmark.run:·gc.time","avgt",1,5,36.000000,NaN,"ms",,VIEW,100
"org.neo4j.graphalgo.bench.UnionFindBenchmark._01_unbufferedUnionFind","avgt",1,10,3.106768,0.649223,"us/op",,,
"org.neo4j.graphalgo.bench.UnionFindBenchmark._01_unbufferedUnionFind:·gc.alloc.rate","avgt",1,10,270.128523,69.100055,"MB/sec",,,
"org.neo4j.graphalgo.bench.UnionFindBenchmark._01_unbufferedUnionFind:·gc.alloc.rate.norm","avgt",1,10,1296.005150,0.015913,"B/op",,,
"org.neo4j.graphalgo.bench.UnionFindBenchmark._01_unbufferedUnionFind:·gc.churn.PS_Eden_Space","avgt",1,10,331.943692,653.566385,"MB/sec",,,
"org.neo4j.graphalgo.bench.UnionFindBenchmark._01_unbufferedUnionFind:·gc.churn.PS_Eden_Space.norm","avgt",1,10,1721.177689,3446.621385,"B/op",,,
"org.neo4j.graphalgo.bench.UnionFindBenchmark._01_unbufferedUnionFind:·gc.churn.PS_Survivor_Space","avgt",1,10,0.001042,0.004982,"MB/sec",,,
"org.neo4j.graphalgo.bench.UnionFindBenchmark._01_unbufferedUnionFind:·gc.churn.PS_Survivor_Space.norm","avgt",1,10,0.005508,0.026335,"B/op",,,
"org.neo4j.graphalgo.bench.UnionFindBenchmark._01_unbufferedUnionFind:·gc.count","avgt",1,10,4.000000,NaN,"counts",,,
"org.neo4j.graphalgo.bench.UnionFindBenchmark._01_unbufferedUnionFind:·gc.time","avgt",1,10,122.000000,NaN,"ms",,,
"org.neo4j.graphalgo.bench.UnionFindBenchmark._02_bufferedUnionFind","avgt",1,10,0.496862,0.100984,"us/op",,,
"org.neo4j.graphalgo.bench.UnionFindBenchmark._02_bufferedUnionFind:·gc.alloc.rate","avgt",1,10,509.133231,98.402993,"MB/sec",,,
"org.neo4j.graphalgo.bench.UnionFindBenchmark._02_bufferedUnionFind:·gc.alloc.rate.norm","avgt",1,10,392.000763,0.002374,"B/op",,,
"org.neo4j.graphalgo.bench.UnionFindBenchmark._02_bufferedUnionFind:·gc.churn.PS_Eden_Space","avgt",1,10,529.786561,689.363508,"MB/sec",,,
"org.neo4j.graphalgo.bench.UnionFindBenchmark._02_bufferedUnionFind:·gc.churn.PS_Eden_Space.norm","avgt",1,10,421.218144,561.783355,"B/op",,,
"org.neo4j.graphalgo.bench.UnionFindBenchmark._02_bufferedUnionFind:·gc.churn.PS_Survivor_Space","avgt",1,10,0.003115,0.010591,"MB/sec",,,
"org.neo4j.graphalgo.bench.UnionFindBenchmark._02_bufferedUnionFind:·gc.churn.PS_Survivor_Space.norm","avgt",1,10,0.002424,0.008051,"B/op",,,
"org.neo4j.graphalgo.bench.UnionFindBenchmark._02_bufferedUnionFind:·gc.count","avgt",1,10,6.000000,NaN,"counts",,,
"org.neo4j.graphalgo.bench.UnionFindBenchmark._02_bufferedUnionFind:·gc.time","avgt",1,10,462.000000,NaN,"ms",,,
"org.neo4j.graphalgo.bench.UnionFindBenchmark._03_heavyGraphUnionFind","avgt",1,10,0.763575,0.570977,"us/op",,,
"org.neo4j.graphalgo.bench.UnionFindBenchmark._03_heavyGraphUnionFind:·gc.alloc.rate","avgt",1,10,510.596941,225.247202,"MB/sec",,,
"org.neo4j.graphalgo.bench.UnionFindBenchmark._03_heavyGraphUnionFind:·gc.alloc.rate.norm","avgt",1,10,536.001941,0.007457,"B/op",,,
"org.neo4j.graphalgo.bench.UnionFindBenchmark._03_heavyGraphUnionFind:·gc.churn.PS_Eden_Space","avgt",1,10,529.602070,689.126668,"MB/sec",,,
"org.neo4j.graphalgo.bench.UnionFindBenchmark._03_heavyGraphUnionFind:·gc.churn.PS_Eden_Space.norm","avgt",1,10,499.528966,654.741659,"B/op",,,
"org.neo4j.graphalgo.bench.UnionFindBenchmark._03_heavyGraphUnionFind:·gc.churn.PS_Survivor_Space","avgt",1,10,0.005193,0.013337,"MB/sec",,,
"org.neo4j.graphalgo.bench.UnionFindBenchmark._03_heavyGraphUnionFind:·gc.churn.PS_Survivor_Space.norm","avgt",1,10,0.004789,0.012303,"B/op",,,
"org.neo4j.graphalgo.bench.UnionFindBenchmark._03_heavyGraphUnionFind:·gc.count","avgt",1,10,6.000000,NaN,"counts",,,
"org.neo4j.graphalgo.bench.UnionFindBenchmark._03_heavyGraphUnionFind:·gc.time","avgt",1,10,180.000000,NaN,"ms",,,
"org.neo4j.graphalgo.bench.UnionFindBenchmark._04_lightGraphUnionFind","avgt",1,10,1.090204,0.216573,"us/op",,,
"org.neo4j.graphalgo.bench.UnionFindBenchmark._04_lightGraphUnionFind:·gc.alloc.rate","avgt",1,10,326.761458,63.344590,"MB/sec",,,
"org.neo4j.graphalgo.bench.UnionFindBenchmark._04_lightGraphUnionFind:·gc.alloc.rate.norm","avgt",1,10,552.001875,0.006153,"B/op",,,
"org.neo4j.graphalgo.bench.UnionFindBenchmark._04_lightGraphUnionFind:·gc.churn.PS_Eden_Space","avgt",1,10,350.491389,684.124921,"MB/sec",,,
"org.neo4j.graphalgo.bench.UnionFindBenchmark._04_lightGraphUnionFind:·gc.churn.PS_Eden_Space.norm","avgt",1,10,590.067015,1158.733481,"B/op",,,
"org.neo4j.graphalgo.bench.UnionFindBenchmark._04_lightGraphUnionFind:·gc.churn.PS_Survivor_Space","avgt",1,10,0.003114,0.014887,"MB/sec",,,
"org.neo4j.graphalgo.bench.UnionFindBenchmark._04_lightGraphUnionFind:·gc.churn.PS_Survivor_Space.norm","avgt",1,10,0.005172,0.024726,"B/op",,,
"org.neo4j.graphalgo.bench.UnionFindBenchmark._04_lightGraphUnionFind:·gc.count","avgt",1,10,4.000000,NaN,"counts",,,
"org.neo4j.graphalgo.bench.UnionFindBenchmark._04_lightGraphUnionFind:·gc.time","avgt",1,10,217.000000,NaN,"ms",,,
"org.neo4j.graphalgo.bench.UnionFindBenchmark._05_buildBufferedDataSource","avgt",1,10,5.740408,0.328716,"us/op",,,
"org.neo4j.graphalgo.bench.UnionFindBenchmark._05_buildBufferedDataSource:·gc.alloc.rate","avgt",1,10,460.970690,27.276104,"MB/sec",,,
"org.neo4j.graphalgo.bench.UnionFindBenchmark._05_buildBufferedDataSource:·gc.alloc.rate.norm","avgt",1,10,4160.010047,0.033658,"B/op",,,
"org.neo4j.graphalgo.bench.UnionFindBenchmark._05_buildBufferedDataSource:·gc.churn.PS_Eden_Space","avgt",1,10,439.187530,699.928997,"MB/sec",,,
"org.neo4j.graphalgo.bench.UnionFindBenchmark._05_buildBufferedDataSource:·gc.churn.PS_Eden_Space.norm","avgt",1,10,4052.181350,6461.155211,"B/op",,,
"org.neo4j.graphalgo.bench.UnionFindBenchmark._05_buildBufferedDataSource:·gc.churn.PS_Survivor_Space","avgt",1,10,0.006237,0.021230,"MB/sec",,,
"org.neo4j.graphalgo.bench.UnionFindBenchmark._05_buildBufferedDataSource:·gc.churn.PS_Survivor_Space.norm","avgt",1,10,0.057413,0.195032,"B/op",,,
"org.neo4j.graphalgo.bench.UnionFindBenchmark._05_buildBufferedDataSource:·gc.count","avgt",1,10,5.000000,NaN,"counts",,,
"org.neo4j.graphalgo.bench.UnionFindBenchmark._05_buildBufferedDataSource:·gc.time","avgt",1,10,83.000000,NaN,"ms",,,
"org.neo4j.graphalgo.bench.UnionFindBenchmark._06_buildHeavyGraph","avgt",1,10,42.733222,5.850638,"us/op",,,
"org.neo4j.graphalgo.bench.UnionFindBenchmark._06_buildHeavyGraph:·gc.alloc.rate","avgt",1,10,824.375727,109.060673,"MB/sec",,,
"org.neo4j.graphalgo.bench.UnionFindBenchmark._06_buildHeavyGraph:·gc.alloc.rate.norm","avgt",1,10,55056.080296,0.239714,"B/op",,,
"org.neo4j.graphalgo.bench.UnionFindBenchmark._06_buildHeavyGraph:·gc.churn.PS_Eden_Space","avgt",1,10,798.877150,424.389048,"MB/sec",,,
"org.neo4j.graphalgo.bench.UnionFindBenchmark._06_buildHeavyGraph:·gc.churn.PS_Eden_Space.norm","avgt",1,10,52672.410604,28632.230590,"B/op",,,
"org.neo4j.graphalgo.bench.UnionFindBenchmark._06_buildHeavyGraph:·gc.churn.PS_Survivor_Space","avgt",1,10,0.043734,0.187407,"MB/sec",,,
"org.neo4j.graphalgo.bench.UnionFindBenchmark._06_buildHeavyGraph:·gc.churn.PS_Survivor_Space.norm","avgt",1,10,3.113139,13.540963,"B/op",,,
"org.neo4j.graphalgo.bench.UnionFindBenchmark._06_buildHeavyGraph:·gc.count","avgt",1,10,9.000000,NaN,"counts",,,
"org.neo4j.graphalgo.bench.UnionFindBenchmark._06_buildHeavyGraph:·gc.time","avgt",1,10,102.000000,NaN,"ms",,,
"org.neo4j.graphalgo.bench.UnionFindBenchmark._07_buildLightGraph","avgt",1,10,29.688020,7.485462,"us/op",,,
"org.neo4j.graphalgo.bench.UnionFindBenchmark._07_buildLightGraph:·gc.alloc.rate","avgt",1,10,439.180063,89.552161,"MB/sec",,,
"org.neo4j.graphalgo.bench.UnionFindBenchmark._07_buildLightGraph:·gc.alloc.rate.norm","avgt",1,10,20120.052418,0.157702,"B/op",,,
"org.neo4j.graphalgo.bench.UnionFindBenchmark._07_buildLightGraph:·gc.churn.PS_Eden_Space","avgt",1,10,439.580754,700.541270,"MB/sec",,,
"org.neo4j.graphalgo.bench.UnionFindBenchmark._07_buildLightGraph:·gc.churn.PS_Eden_Space.norm","avgt",1,10,20148.881475,32332.397701,"B/op",,,
"org.neo4j.graphalgo.bench.UnionFindBenchmark._07_buildLightGraph:·gc.churn.PS_Survivor_Space","avgt",1,10,0.021682,0.103658,"MB/sec",,,
"org.neo4j.graphalgo.bench.UnionFindBenchmark._07_buildLightGraph:·gc.churn.PS_Survivor_Space.norm","avgt",1,10,1.073975,5.134579,"B/op",,,
"org.neo4j.graphalgo.bench.UnionFindBenchmark._07_buildLightGraph:·gc.count","avgt",1,10,5.000000,NaN,"counts",,,
"org.neo4j.graphalgo.bench.UnionFindBenchmark._07_buildLightGraph:·gc.time","avgt",1,10,239.000000,NaN,"ms",,,
