"Benchmark","Mode","Threads","Samples","Score","Score Error (99.9%)","Unit","Param: concurrency","Param: impl","Param: iterations","Param: nodeCount","Param: sourceCount"
"algo.bench.ConnectedComponentsBenchmark.wccCount","avgt",1,10,121.065748,38.874453,"us/op",,,,,
"algo.bench.ConnectedComponentsBenchmark.wccCount:·gc.alloc.rate","avgt",1,10,142.864430,42.273674,"MB/sec",,,,,
"algo.bench.ConnectedComponentsBenchmark.wccCount:·gc.alloc.rate.norm","avgt",1,10,26166.149530,135.476929,"B/op",,,,,
"algo.bench.ConnectedComponentsBenchmark.wccCount:·gc.churn.PS_Eden_Space","avgt",1,10,129.054799,412.177499,"MB/sec",,,,,
"algo.bench.ConnectedComponentsBenchmark.wccCount:·gc.churn.PS_Eden_Space.norm","avgt",1,10,29083.445851,93888.948550,"B/op",,,,,
"algo.bench.ConnectedComponentsBenchmark.wccCount:·gc.churn.PS_Survivor_Space","avgt",1,10,0.402078,1.856883,"MB/sec",,,,,
"algo.bench.ConnectedComponentsBenchmark.wccCount:·gc.churn.PS_Survivor_Space.norm","avgt",1,10,82.779715,379.858544,"B/op",,,,,
"algo.bench.ConnectedComponentsBenchmark.wccCount:·gc.count","avgt",1,10,2.000000,NaN,"counts",,,,,
"algo.bench.ConnectedComponentsBenchmark.wccCount:·gc.time","avgt",1,10,405.000000,NaN,"ms",,,,,
"org.neo4j.graphalgo.bench.AllShortestPathsComparisionBenchmark._01_benchmark_ASP","avgt",1,10,10229.777577,1307.989098,"ms/op",,,,,
"org.neo4j.graphalgo.bench.AllShortestPathsComparisionBenchmark._01_benchmark_ASP:·gc.alloc.rate","avgt",1,10,54.504402,29.305727,"MB/sec",,,,,
"org.neo4j.graphalgo.bench.AllShortestPathsComparisionBenchmark._01_benchmark_ASP:·gc.alloc.rate.norm","avgt",1,10,609714473.600000,319003887.705763,"B/op",,,,,
"org.neo4j.graphalgo.bench.AllShortestPathsComparisionBenchmark._01_benchmark_ASP:·gc.churn.PS_Eden_Space","avgt",1,10,61.858825,99.393805,"MB/sec",,,,,
"org.neo4j.graphalgo.bench.AllShortestPathsComparisionBenchmark._01_benchmark_ASP:·gc.churn.PS_Eden_Space.norm","avgt",1,10,696936038.400000,1110664029.261687,"B/op",,,,,
"org.neo4j.graphalgo.bench.AllShortestPathsComparisionBenchmark._01_benchmark_ASP:·gc.churn.PS_Survivor_Space","avgt",1,10,0.023881,0.073250,"MB/sec",,,,,
"org.neo4j.graphalgo.bench.AllShortestPathsComparisionBenchmark._01_benchmark_ASP:·gc.churn.PS_Survivor_Space.norm","avgt",1,10,293639.200000,943743.162465,"B/op",,,,,
"org.neo4j.graphalgo.bench.AllShortestPathsComparisionBenchmark._01_benchmark_ASP:·gc.count","avgt",1,10,5.000000,NaN,"counts",,,,,
"org.neo4j.graphalgo.bench.AllShortestPathsComparisionBenchmark._01_benchmark_ASP:·gc.time","avgt",1,10,514.000000,NaN,"ms",,,,,
"org.neo4j.graphalgo.bench.AllShortestPathsComparisionBenchmark._02_benchmark_MS_ASP","avgt",1,10,662.543750,247.823393,"ms/op",,,,,
"org.neo4j.graphalgo.bench.AllShortestPathsComparisionBenchmark._02_benchmark_MS_ASP:·gc.alloc.rate","avgt",1,10,190.275348,115.537011,"MB/sec",,,,,
"org.neo4j.graphalgo.bench.AllShortestPathsComparisionBenchmark._02_benchmark_MS_ASP:·gc.alloc.rate.norm","avgt",1,10,182094794.800000,96730663.703477,"B/op",,,,,
"org.neo4j.graphalgo.bench.AllShortestPathsComparisionBenchmark._02_benchmark_MS_ASP:·gc.churn.PS_Eden_Space","avgt",1,10,181.055202,442.809164,"MB/sec",,,,,
"org.neo4j.graphalgo.bench.AllShortestPathsComparisionBenchmark._02_benchmark_MS_ASP:·gc.churn.PS_Eden_Space.norm","avgt",1,10,184863948.800000,452674971.261825,"B/op",,,,,
"org.neo4j.graphalgo.bench.AllShortestPathsComparisionBenchmark._02_benchmark_MS_ASP:·gc.churn.PS_Survivor_Space","avgt",1,10,1.422503,6.800864,"MB/sec",,,,,
"org.neo4j.graphalgo.bench.AllShortestPathsComparisionBenchmark._02_benchmark_MS_ASP:·gc.churn.PS_Survivor_Space.norm","avgt",1,10,1392790.000000,6658807.240559,"B/op",,,,,
"org.neo4j.graphalgo.bench.AllShortestPathsComparisionBenchmark._02_benchmark_MS_ASP:·gc.count","avgt",1,10,3.000000,NaN,"counts",,,,,
"org.neo4j.graphalgo.bench.AllShortestPathsComparisionBenchmark._02_benchmark_MS_ASP:·gc.time","avgt",1,10,1204.000000,NaN,"ms",,,,,
"org.neo4j.graphalgo.bench.BetweennessCentralityBenchmark._01_benchmark","avgt",1,5,4884995.641400,1202709.399386,"us/op",0,,,,
"org.neo4j.graphalgo.bench.BetweennessCentralityBenchmark._01_benchmark:·gc.alloc.rate","avgt",1,5,16.038893,3.607325,"MB/sec",0,,,,
"org.neo4j.graphalgo.bench.BetweennessCentralityBenchmark._01_benchmark:·gc.alloc.rate.norm","avgt",1,5,90823651.200000,5209005.724490,"B/op",0,,,,
"org.neo4j.graphalgo.bench.BetweennessCentralityBenchmark._01_benchmark:·gc.count","avgt",1,5,0.000000,NaN,"counts",0,,,,
"org.neo4j.graphalgo.bench.BetweennessCentralityBenchmark._01_benchmark","avgt",1,5,8253612.019400,670091.816585,"us/op",1,,,,
"org.neo4j.graphalgo.bench.BetweennessCentralityBenchmark._01_benchmark:·gc.alloc.rate","avgt",1,5,8.034022,13.469068,"MB/sec",1,,,,
"org.neo4j.graphalgo.bench.BetweennessCentralityBenchmark._01_benchmark:·gc.alloc.rate.norm","avgt",1,5,73939966.400000,123808280.701182,"B/op",1,,,,
"org.neo4j.graphalgo.bench.BetweennessCentralityBenchmark._01_benchmark:·gc.count","avgt",1,5,0.000000,NaN,"counts",1,,,,
"org.neo4j.graphalgo.bench.BetweennessCentralityBenchmark._01_benchmark","avgt",1,5,4008070.646000,917009.633139,"us/op",2,,,,
"org.neo4j.graphalgo.bench.BetweennessCentralityBenchmark._01_benchmark:·gc.alloc.rate","avgt",1,5,16.054300,27.805960,"MB/sec",2,,,,
"org.neo4j.graphalgo.bench.BetweennessCentralityBenchmark._01_benchmark:·gc.alloc.rate.norm","avgt",1,5,75041324.800000,125799891.677688,"B/op",2,,,,
"org.neo4j.graphalgo.bench.BetweennessCentralityBenchmark._01_benchmark:·gc.count","avgt",1,5,0.000000,NaN,"counts",2,,,,
"org.neo4j.graphalgo.bench.BetweennessCentralityBenchmark._01_benchmark","avgt",1,5,2223074.048800,341077.789988,"us/op",4,,,,
"org.neo4j.graphalgo.bench.BetweennessCentralityBenchmark._01_benchmark:·gc.alloc.rate","avgt",1,5,26.745957,46.505570,"MB/sec",4,,,,
"org.neo4j.graphalgo.bench.BetweennessCentralityBenchmark._01_benchmark:·gc.alloc.rate.norm","avgt",1,5,77238294.400000,129802204.562300,"B/op",4,,,,
"org.neo4j.graphalgo.bench.BetweennessCentralityBenchmark._01_benchmark:·gc.churn.PS_Eden_Space","avgt",1,5,66.036230,568.591858,"MB/sec",4,,,,
"org.neo4j.graphalgo.bench.BetweennessCentralityBenchmark._01_benchmark:·gc.churn.PS_Eden_Space.norm","avgt",1,5,214748364.800000,1849048185.036073,"B/op",4,,,,
"org.neo4j.graphalgo.bench.BetweennessCentralityBenchmark._01_benchmark:·gc.count","avgt",1,5,1.000000,NaN,"counts",4,,,,
"org.neo4j.graphalgo.bench.BetweennessCentralityBenchmark._01_benchmark:·gc.time","avgt",1,5,139.000000,NaN,"ms",4,,,,
"org.neo4j.graphalgo.bench.BetweennessCentralityBenchmark._01_benchmark","avgt",1,5,1552985.788600,458103.437577,"us/op",8,,,,
"org.neo4j.graphalgo.bench.BetweennessCentralityBenchmark._01_benchmark:·gc.alloc.rate","avgt",1,5,38.508140,68.282592,"MB/sec",8,,,,
"org.neo4j.graphalgo.bench.BetweennessCentralityBenchmark._01_benchmark:·gc.alloc.rate.norm","avgt",1,5,81609008.000000,137732524.179970,"B/op",8,,,,
"org.neo4j.graphalgo.bench.BetweennessCentralityBenchmark._01_benchmark:·gc.churn.PS_Eden_Space","avgt",1,5,83.733549,720.971110,"MB/sec",8,,,,
"org.neo4j.graphalgo.bench.BetweennessCentralityBenchmark._01_benchmark:·gc.churn.PS_Eden_Space.norm","avgt",1,5,214748364.800000,1849048185.036073,"B/op",8,,,,
"org.neo4j.graphalgo.bench.BetweennessCentralityBenchmark._01_benchmark:·gc.count","avgt",1,5,1.000000,NaN,"counts",8,,,,
"org.neo4j.graphalgo.bench.BetweennessCentralityBenchmark._01_benchmark:·gc.time","avgt",1,5,134.000000,NaN,"ms",8,,,,
"org.neo4j.graphalgo.bench.BetweennessComparisionBenchmark._01_benchmark_sequential","avgt",1,5,363555.195533,69794.210852,"us/op",,,,,
"org.neo4j.graphalgo.bench.BetweennessComparisionBenchmark._01_benchmark_sequential:·gc.alloc.rate","avgt",1,5,25.742126,2.813486,"MB/sec",,,,,
"org.neo4j.graphalgo.bench.BetweennessComparisionBenchmark._01_benchmark_sequential:·gc.alloc.rate.norm","avgt",1,5,14727833.600000,1728776.860877,"B/op",,,,,
"org.neo4j.graphalgo.bench.BetweennessComparisionBenchmark._01_benchmark_sequential:·gc.count","avgt",1,5,0.000000,NaN,"counts",,,,,
"org.neo4j.graphalgo.bench.BetweennessComparisionBenchmark._04_benchmark_parallel8","avgt",1,5,236965.170600,95834.028809,"us/op",,,,,
"org.neo4j.graphalgo.bench.BetweennessComparisionBenchmark._04_benchmark_parallel8:·gc.alloc.rate","avgt",1,5,45.682598,67.733242,"MB/sec",,,,,
"org.neo4j.graphalgo.bench.BetweennessComparisionBenchmark._04_benchmark_parallel8:·gc.alloc.rate.norm","avgt",1,5,15997529.600000,20842771.906698,"B/op",,,,,
"org.neo4j.graphalgo.bench.BetweennessComparisionBenchmark._04_benchmark_parallel8:·gc.churn.PS_Eden_Space","avgt",1,5,99.226845,854.373060,"MB/sec",,,,,
"org.neo4j.graphalgo.bench.BetweennessComparisionBenchmark._04_benchmark_parallel8:·gc.churn.PS_Eden_Space.norm","avgt",1,5,42949672.960000,369809637.007214,"B/op",,,,,
"org.neo4j.graphalgo.bench.BetweennessComparisionBenchmark._04_benchmark_parallel8:·gc.count","avgt",1,5,1.000000,NaN,"counts",,,,,
"org.neo4j.graphalgo.bench.BetweennessComparisionBenchmark._04_benchmark_parallel8:·gc.time","avgt",1,5,167.000000,NaN,"ms",,,,,
"org.neo4j.graphalgo.bench.BetweennessComparisionBenchmark._05_benchmark_sucessorBrandes","avgt",1,5,2886731.634400,2431084.303226,"us/op",,,,,
"org.neo4j.graphalgo.bench.BetweennessComparisionBenchmark._05_benchmark_sucessorBrandes:·gc.alloc.rate","avgt",1,5,58.630760,124.899235,"MB/sec",,,,,
"org.neo4j.graphalgo.bench.BetweennessComparisionBenchmark._05_benchmark_sucessorBrandes:·gc.alloc.rate.norm","avgt",1,5,212708726.400000,431049552.705985,"B/op",,,,,
"org.neo4j.graphalgo.bench.BetweennessComparisionBenchmark._05_benchmark_sucessorBrandes:·gc.churn.PS_Eden_Space","avgt",1,5,54.044798,465.342010,"MB/sec",,,,,
"org.neo4j.graphalgo.bench.BetweennessComparisionBenchmark._05_benchmark_sucessorBrandes:·gc.churn.PS_Eden_Space.norm","avgt",1,5,214748364.800000,1849048185.036073,"B/op",,,,,
"org.neo4j.graphalgo.bench.BetweennessComparisionBenchmark._05_benchmark_sucessorBrandes:·gc.churn.PS_Survivor_Space","avgt",1,5,0.052704,0.453801,"MB/sec",,,,,
"org.neo4j.graphalgo.bench.BetweennessComparisionBenchmark._05_benchmark_sucessorBrandes:·gc.churn.PS_Survivor_Space.norm","avgt",1,5,209422.400000,1803190.021896,"B/op",,,,,
"org.neo4j.graphalgo.bench.BetweennessComparisionBenchmark._05_benchmark_sucessorBrandes:·gc.count","avgt",1,5,1.000000,NaN,"counts",,,,,
"org.neo4j.graphalgo.bench.BetweennessComparisionBenchmark._05_benchmark_sucessorBrandes:·gc.time","avgt",1,5,33.000000,NaN,"ms",,,,,
"org.neo4j.graphalgo.bench.ClosenessCentralityBenchmark._01_benchmark","avgt",1,5,36622.348820,16127.211991,"us/op",,,,,
"org.neo4j.graphalgo.bench.ClosenessCentralityBenchmark._01_benchmark:·gc.alloc.rate","avgt",1,5,95.400333,52.221393,"MB/sec",,,,,
"org.neo4j.graphalgo.bench.ClosenessCentralityBenchmark._01_benchmark:·gc.alloc.rate.norm","avgt",1,5,5566177.272997,1955489.943514,"B/op",,,,,
"org.neo4j.graphalgo.bench.ClosenessCentralityBenchmark._01_benchmark:·gc.churn.PS_Eden_Space","avgt",1,5,136.207537,1172.787973,"MB/sec",,,,,
"org.neo4j.graphalgo.bench.ClosenessCentralityBenchmark._01_benchmark:·gc.churn.PS_Eden_Space.norm","avgt",1,5,8947848.533333,77043674.376503,"B/op",,,,,
"org.neo4j.graphalgo.bench.ClosenessCentralityBenchmark._01_benchmark:·gc.count","avgt",1,5,1.000000,NaN,"counts",,,,,
"org.neo4j.graphalgo.bench.ClosenessCentralityBenchmark._01_benchmark:·gc.time","avgt",1,5,178.000000,NaN,"ms",,,,,
"org.neo4j.graphalgo.bench.MSBFSBenchmark.measureMemory","avgt",1,5,1.851357,0.435118,"ms/op",,,,1024,32
"org.neo4j.graphalgo.bench.MSBFSBenchmark.measureMemory:·gc.alloc.rate","avgt",1,5,4.335140,1.047881,"MB/sec",,,,1024,32
"org.neo4j.graphalgo.bench.MSBFSBenchmark.measureMemory:·gc.alloc.rate.norm","avgt",1,5,12594.090849,217.509110,"B/op",,,,1024,32
"org.neo4j.graphalgo.bench.MSBFSBenchmark.measureMemory:·gc.count","avgt",1,5,0.000000,NaN,"counts",,,,1024,32
"org.neo4j.graphalgo.bench.MSBFSBenchmark.measureMemory","avgt",1,5,7.937254,1.051905,"ms/op",,,,1024,128
"org.neo4j.graphalgo.bench.MSBFSBenchmark.measureMemory:·gc.alloc.rate","avgt",1,5,1.702331,3.447611,"MB/sec",,,,1024,128
"org.neo4j.graphalgo.bench.MSBFSBenchmark.measureMemory:·gc.alloc.rate.norm","avgt",1,5,21193.717449,42929.563592,"B/op",,,,1024,128
"org.neo4j.graphalgo.bench.MSBFSBenchmark.measureMemory:·gc.count","avgt",1,5,0.000000,NaN,"counts",,,,1024,128
"org.neo4j.graphalgo.bench.MSBFSBenchmark.measureMemory","avgt",1,5,57.668916,38.921760,"ms/op",,,,1024,1024
"org.neo4j.graphalgo.bench.MSBFSBenchmark.measureMemory:·gc.alloc.rate","avgt",1,5,1.232459,2.534801,"MB/sec",,,,1024,1024
"org.neo4j.graphalgo.bench.MSBFSBenchmark.measureMemory:·gc.alloc.rate.norm","avgt",1,5,106220.288000,220979.466121,"B/op",,,,1024,1024
"org.neo4j.graphalgo.bench.MSBFSBenchmark.measureMemory:·gc.count","avgt",1,5,0.000000,NaN,"counts",,,,1024,1024
"org.neo4j.graphalgo.bench.MSBFSBenchmark.measureMemory","avgt",1,5,245.660403,112.786829,"ms/op",,,,1024,8192
"org.neo4j.graphalgo.bench.MSBFSBenchmark.measureMemory:·gc.alloc.rate","avgt",1,5,0.885178,1.714657,"MB/sec",,,,1024,8192
"org.neo4j.graphalgo.bench.MSBFSBenchmark.measureMemory:·gc.alloc.rate.norm","avgt",1,5,325799.280000,569502.577365,"B/op",,,,1024,8192
"org.neo4j.graphalgo.bench.MSBFSBenchmark.measureMemory:·gc.count","avgt",1,5,0.000000,NaN,"counts",,,,1024,8192
"org.neo4j.graphalgo.bench.MSBFSBenchmark.measureMemory","avgt",1,5,108.296495,2.877188,"ms/op",,,,8192,32
"org.neo4j.graphalgo.bench.MSBFSBenchmark.measureMemory:·gc.alloc.rate","avgt",1,5,0.593053,0.012110,"MB/sec",,,,8192,32
"org.neo4j.graphalgo.bench.MSBFSBenchmark.measureMemory:·gc.alloc.rate.norm","avgt",1,5,98670.240000,363.738274,"B/op",,,,8192,32
"org.neo4j.graphalgo.bench.MSBFSBenchmark.measureMemory:·gc.count","avgt",1,5,0.000000,NaN,"counts",,,,8192,32
"org.neo4j.graphalgo.bench.MSBFSBenchmark.measureMemory","avgt",1,5,192.239612,25.266129,"ms/op",,,,8192,128
"org.neo4j.graphalgo.bench.MSBFSBenchmark.measureMemory:·gc.alloc.rate","avgt",1,5,1.102440,2.365059,"MB/sec",,,,8192,128
"org.neo4j.graphalgo.bench.MSBFSBenchmark.measureMemory:·gc.alloc.rate.norm","avgt",1,5,316756.800000,678783.414379,"B/op",,,,8192,128
"org.neo4j.graphalgo.bench.MSBFSBenchmark.measureMemory:·gc.count","avgt",1,5,0.000000,NaN,"counts",,,,8192,128
"org.neo4j.graphalgo.bench.MSBFSBenchmark.measureMemory","avgt",1,5,688.693254,151.840524,"ms/op",,,,8192,1024
"org.neo4j.graphalgo.bench.MSBFSBenchmark.measureMemory:·gc.alloc.rate","avgt",1,5,2.313416,4.961096,"MB/sec",,,,8192,1024
"org.neo4j.graphalgo.bench.MSBFSBenchmark.measureMemory:·gc.alloc.rate.norm","avgt",1,5,2295163.200000,4933974.872551,"B/op",,,,8192,1024
"org.neo4j.graphalgo.bench.MSBFSBenchmark.measureMemory:·gc.count","avgt",1,5,0.000000,NaN,"counts",,,,8192,1024
"org.neo4j.graphalgo.bench.MSBFSBenchmark.measureMemory","avgt",1,5,4386.937920,2690.269711,"ms/op",,,,8192,8192
"org.neo4j.graphalgo.bench.MSBFSBenchmark.measureMemory:·gc.alloc.rate","avgt",1,5,0.528709,1.157956,"MB/sec",,,,8192,8192
"org.neo4j.graphalgo.bench.MSBFSBenchmark.measureMemory:·gc.alloc.rate.norm","avgt",1,5,2596430.400000,5443687.793676,"B/op",,,,8192,8192
"org.neo4j.graphalgo.bench.MSBFSBenchmark.measureMemory:·gc.count","avgt",1,5,0.000000,NaN,"counts",,,,8192,8192
"org.neo4j.graphalgo.bench.MSBFSBenchmark.measureMemory","avgt",1,5,425.277255,87.430833,"ms/op",,,,16384,32
"org.neo4j.graphalgo.bench.MSBFSBenchmark.measureMemory:·gc.alloc.rate","avgt",1,5,0.317527,0.047704,"MB/sec",,,,16384,32
"org.neo4j.graphalgo.bench.MSBFSBenchmark.measureMemory:·gc.alloc.rate.norm","avgt",1,5,197093.333333,281.398684,"B/op",,,,16384,32
"org.neo4j.graphalgo.bench.MSBFSBenchmark.measureMemory:·gc.count","avgt",1,5,0.000000,NaN,"counts",,,,16384,32
"org.neo4j.graphalgo.bench.MSBFSBenchmark.measureMemory","avgt",1,5,656.357667,256.921368,"ms/op",,,,16384,128
"org.neo4j.graphalgo.bench.MSBFSBenchmark.measureMemory:·gc.alloc.rate","avgt",1,5,0.667084,1.449194,"MB/sec",,,,16384,128
"org.neo4j.graphalgo.bench.MSBFSBenchmark.measureMemory:·gc.alloc.rate.norm","avgt",1,5,631350.400000,1355628.268910,"B/op",,,,16384,128
"org.neo4j.graphalgo.bench.MSBFSBenchmark.measureMemory:·gc.count","avgt",1,5,0.000000,NaN,"counts",,,,16384,128
"org.neo4j.graphalgo.bench.MSBFSBenchmark.measureMemory","avgt",1,5,2296.703639,1710.566471,"ms/op",,,,16384,1024
"org.neo4j.graphalgo.bench.MSBFSBenchmark.measureMemory:·gc.alloc.rate","avgt",1,5,1.702468,3.819199,"MB/sec",,,,16384,1024
"org.neo4j.graphalgo.bench.MSBFSBenchmark.measureMemory:·gc.alloc.rate.norm","avgt",1,5,5047368.000000,10845105.357185,"B/op",,,,16384,1024
"org.neo4j.graphalgo.bench.MSBFSBenchmark.measureMemory:·gc.count","avgt",1,5,0.000000,NaN,"counts",,,,16384,1024
"org.neo4j.graphalgo.bench.MSBFSBenchmark.measureMemory","avgt",1,5,15234.337970,1475.022206,"ms/op",,,,16384,8192
"org.neo4j.graphalgo.bench.MSBFSBenchmark.measureMemory:·gc.alloc.rate","avgt",1,5,0.311816,0.663251,"MB/sec",,,,16384,8192
"org.neo4j.graphalgo.bench.MSBFSBenchmark.measureMemory:·gc.alloc.rate.norm","avgt",1,5,5113184.000000,10860466.158972,"B/op",,,,16384,8192
"org.neo4j.graphalgo.bench.MSBFSBenchmark.measureMemory:·gc.count","avgt",1,5,0.000000,NaN,"counts",,,,16384,8192
"org.neo4j.graphalgo.bench.MultistepSCCBenchmark._01_multistepSCCsequential","avgt",1,5,824.247991,144.492596,"us/op",,,,,
"org.neo4j.graphalgo.bench.MultistepSCCBenchmark._01_multistepSCCsequential:·gc.alloc.rate","avgt",1,5,2414.704166,823.696395,"MB/sec",,,,,
"org.neo4j.graphalgo.bench.MultistepSCCBenchmark._01_multistepSCCsequential:·gc.alloc.rate.norm","avgt",1,5,3284925.732793,73255.680812,"B/op",,,,,
"org.neo4j.graphalgo.bench.MultistepSCCBenchmark._01_multistepSCCsequential:·gc.churn.PS_Eden_Space","avgt",1,5,2468.338634,974.322992,"MB/sec",,,,,
"org.neo4j.graphalgo.bench.MultistepSCCBenchmark._01_multistepSCCsequential:·gc.churn.PS_Eden_Space.norm","avgt",1,5,3355732.072656,534601.861603,"B/op",,,,,
"org.neo4j.graphalgo.bench.MultistepSCCBenchmark._01_multistepSCCsequential:·gc.churn.PS_Survivor_Space","avgt",1,5,1.119974,2.740560,"MB/sec",,,,,
"org.neo4j.graphalgo.bench.MultistepSCCBenchmark._01_multistepSCCsequential:·gc.churn.PS_Survivor_Space.norm","avgt",1,5,1529.738311,3573.913107,"B/op",,,,,
"org.neo4j.graphalgo.bench.MultistepSCCBenchmark._01_multistepSCCsequential:·gc.count","avgt",1,5,15.000000,NaN,"counts",,,,,
"org.neo4j.graphalgo.bench.MultistepSCCBenchmark._01_multistepSCCsequential:·gc.time","avgt",1,5,341.000000,NaN,"ms",,,,,
"org.neo4j.graphalgo.bench.MultistepSCCBenchmark._02_multistepSCCparallel","avgt",1,5,826.048738,457.983145,"us/op",,,,,
"org.neo4j.graphalgo.bench.MultistepSCCBenchmark._02_multistepSCCparallel:·gc.alloc.rate","avgt",1,5,2464.383842,2272.902990,"MB/sec",,,,,
"org.neo4j.graphalgo.bench.MultistepSCCBenchmark._02_multistepSCCparallel:·gc.alloc.rate.norm","avgt",1,5,3290588.034559,120610.049337,"B/op",,,,,
"org.neo4j.graphalgo.bench.MultistepSCCBenchmark._02_multistepSCCparallel:·gc.churn.PS_Eden_Space","avgt",1,5,2451.702525,2546.781563,"MB/sec",,,,,
"org.neo4j.graphalgo.bench.MultistepSCCBenchmark._02_multistepSCCparallel:·gc.churn.PS_Eden_Space.norm","avgt",1,5,3306942.367340,2261184.605902,"B/op",,,,,
"org.neo4j.graphalgo.bench.MultistepSCCBenchmark._02_multistepSCCparallel:·gc.churn.PS_Survivor_Space","avgt",1,5,0.786466,2.209187,"MB/sec",,,,,
"org.neo4j.graphalgo.bench.MultistepSCCBenchmark._02_multistepSCCparallel:·gc.churn.PS_Survivor_Space.norm","avgt",1,5,1072.304615,2973.039936,"B/op",,,,,
"org.neo4j.graphalgo.bench.MultistepSCCBenchmark._02_multistepSCCparallel:·gc.count","avgt",1,5,15.000000,NaN,"counts",,,,,
"org.neo4j.graphalgo.bench.MultistepSCCBenchmark._02_multistepSCCparallel:·gc.time","avgt",1,5,448.000000,NaN,"ms",,,,,
"org.neo4j.graphalgo.bench.MultistepSCCBenchmark._03_multistepSCCtarjan","avgt",1,5,712.879634,430.712275,"us/op",,,,,
"org.neo4j.graphalgo.bench.MultistepSCCBenchmark._03_multistepSCCtarjan:·gc.alloc.rate","avgt",1,5,2829.672573,2088.301347,"MB/sec",,,,,
"org.neo4j.graphalgo.bench.MultistepSCCBenchmark._03_multistepSCCtarjan:·gc.alloc.rate.norm","avgt",1,5,3276266.474502,3943.124091,"B/op",,,,,
"org.neo4j.graphalgo.bench.MultistepSCCBenchmark._03_multistepSCCtarjan:·gc.churn.PS_Eden_Space","avgt",1,5,2837.453081,2385.060537,"MB/sec",,,,,
"org.neo4j.graphalgo.bench.MultistepSCCBenchmark._03_multistepSCCtarjan:·gc.churn.PS_Eden_Space.norm","avgt",1,5,3282969.479082,1287670.265755,"B/op",,,,,
"org.neo4j.graphalgo.bench.MultistepSCCBenchmark._03_multistepSCCtarjan:·gc.churn.PS_Survivor_Space","avgt",1,5,0.892226,2.241097,"MB/sec",,,,,
"org.neo4j.graphalgo.bench.MultistepSCCBenchmark._03_multistepSCCtarjan:·gc.churn.PS_Survivor_Space.norm","avgt",1,5,995.127781,2455.906506,"B/op",,,,,
"org.neo4j.graphalgo.bench.MultistepSCCBenchmark._03_multistepSCCtarjan:·gc.count","avgt",1,5,17.000000,NaN,"counts",,,,,
"org.neo4j.graphalgo.bench.MultistepSCCBenchmark._03_multistepSCCtarjan:·gc.time","avgt",1,5,331.000000,NaN,"ms",,,,,
"org.neo4j.graphalgo.bench.PageRankBenchmark.run","avgt",1,5,45.194909,20.217194,"us/op",,LIGHT,5,,
"org.neo4j.graphalgo.bench.PageRankBenchmark.run:·gc.alloc.rate","avgt",1,5,291.839772,106.339918,"MB/sec",,LIGHT,5,,
"org.neo4j.graphalgo.bench.PageRankBenchmark.run:·gc.alloc.rate.norm","avgt",1,5,20897.807854,175.547237,"B/op",,LIGHT,5,,
"org.neo4j.graphalgo.bench.PageRankBenchmark.run:·gc.churn.PS_Eden_Space","avgt",1,5,262.561123,1386.030769,"MB/sec",,LIGHT,5,,
"org.neo4j.graphalgo.bench.PageRankBenchmark.run:·gc.churn.PS_Eden_Space.norm","avgt",1,5,18762.264205,99861.682743,"B/op",,LIGHT,5,,
"org.neo4j.graphalgo.bench.PageRankBenchmark.run:·gc.churn.PS_Survivor_Space","avgt",1,5,0.385750,3.138020,"MB/sec",,LIGHT,5,,
"org.neo4j.graphalgo.bench.PageRankBenchmark.run:·gc.churn.PS_Survivor_Space.norm","avgt",1,5,29.231157,239.495914,"B/op",,LIGHT,5,,
"org.neo4j.graphalgo.bench.PageRankBenchmark.run:·gc.count","avgt",1,5,2.000000,NaN,"counts",,LIGHT,5,,
"org.neo4j.graphalgo.bench.PageRankBenchmark.run:·gc.time","avgt",1,5,147.000000,NaN,"ms",,LIGHT,5,,
"org.neo4j.graphalgo.bench.PageRankBenchmark.run","avgt",1,5,54.747216,29.632687,"us/op",,LIGHT,20,,
"org.neo4j.graphalgo.bench.PageRankBenchmark.run:·gc.alloc.rate","avgt",1,5,245.038377,134.436144,"MB/sec",,LIGHT,20,,
"org.neo4j.graphalgo.bench.PageRankBenchmark.run:·gc.alloc.rate.norm","avgt",1,5,20903.663040,208.045453,"B/op",,LIGHT,20,,
"org.neo4j.graphalgo.bench.PageRankBenchmark.run:·gc.churn.PS_Eden_Space","avgt",1,5,135.785839,1169.157026,"MB/sec",,LIGHT,20,,
"org.neo4j.graphalgo.bench.PageRankBenchmark.run:·gc.churn.PS_Eden_Space.norm","avgt",1,5,13357.489880,115012.016237,"B/op",,LIGHT,20,,
"org.neo4j.graphalgo.bench.PageRankBenchmark.run:·gc.churn.PS_Survivor_Space","avgt",1,5,0.385602,3.320150,"MB/sec",,LIGHT,20,,
"org.neo4j.graphalgo.bench.PageRankBenchmark.run:·gc.churn.PS_Survivor_Space.norm","avgt",1,5,37.932351,326.608978,"B/op",,LIGHT,20,,
"org.neo4j.graphalgo.bench.PageRankBenchmark.run:·gc.count","avgt",1,5,1.000000,NaN,"counts",,LIGHT,20,,
"org.neo4j.graphalgo.bench.PageRankBenchmark.run:·gc.time","avgt",1,5,18.000000,NaN,"ms",,LIGHT,20,,
"org.neo4j.graphalgo.bench.PageRankBenchmark.run","avgt",1,5,116.722423,25.250559,"us/op",,LIGHT,100,,
"org.neo4j.graphalgo.bench.PageRankBenchmark.run:·gc.alloc.rate","avgt",1,5,112.699436,20.586839,"MB/sec",,LIGHT,100,,
"org.neo4j.graphalgo.bench.PageRankBenchmark.run:·gc.alloc.rate.norm","avgt",1,5,20940.065393,654.332733,"B/op",,LIGHT,100,,
"org.neo4j.graphalgo.bench.PageRankBenchmark.run:·gc.churn.PS_Eden_Space","avgt",1,5,134.821390,1160.852827,"MB/sec",,LIGHT,100,,
"org.neo4j.graphalgo.bench.PageRankBenchmark.run:·gc.churn.PS_Eden_Space.norm","avgt",1,5,25291.292521,217765.655993,"B/op",,LIGHT,100,,
"org.neo4j.graphalgo.bench.PageRankBenchmark.run:·gc.count","avgt",1,5,1.000000,NaN,"counts",,LIGHT,100,,
"org.neo4j.graphalgo.bench.PageRankBenchmark.run:·gc.time","avgt",1,5,36.000000,NaN,"ms",,LIGHT,100,,
"org.neo4j.graphalgo.bench.PageRankBenchmark.run","avgt",1,5,60.325725,32.919246,"us/op",,HEAVY,5,,
"org.neo4j.graphalgo.bench.PageRankBenchmark.run:·gc.alloc.rate","avgt",1,5,546.411131,289.871555,"MB/sec",,HEAVY,5,,
"org.neo4j.graphalgo.bench.PageRankBenchmark.run:·gc.alloc.rate.norm","avgt",1,5,51600.826609,457.381695,"B/op",,HEAVY,5,,
"org.neo4j.graphalgo.bench.PageRankBenchmark.run:·gc.churn.PS_Eden_Space","avgt",1,5,576.213842,1267.231573,"MB/sec",,HEAVY,5,,
"org.neo4j.graphalgo.bench.PageRankBenchmark.run:·gc.churn.PS_Eden_Space.norm","avgt",1,5,57577.702289,143352.577334,"B/op",,HEAVY,5,,
"org.neo4j.graphalgo.bench.PageRankBenchmark.run:·gc.churn.PS_Survivor_Space","avgt",1,5,0.380132,3.209454,"MB/sec",,HEAVY,5,,
"org.neo4j.graphalgo.bench.PageRankBenchmark.run:·gc.churn.PS_Survivor_Space.norm","avgt",1,5,35.956131,301.688353,"B/op",,HEAVY,5,,
"org.neo4j.graphalgo.bench.PageRankBenchmark.run:·gc.count","avgt",1,5,4.000000,NaN,"counts",,HEAVY,5,,
"org.neo4j.graphalgo.bench.PageRankBenchmark.run:·gc.time","avgt",1,5,143.000000,NaN,"ms",,HEAVY,5,,
"org.neo4j.graphalgo.bench.PageRankBenchmark.run","avgt",1,5,83.990559,90.302071,"us/op",,HEAVY,20,,
"org.neo4j.graphalgo.bench.PageRankBenchmark.run:·gc.alloc.rate","avgt",1,5,408.546111,385.449812,"MB/sec",,HEAVY,20,,
"org.neo4j.graphalgo.bench.PageRankBenchmark.run:·gc.alloc.rate.norm","avgt",1,5,51597.021265,488.456037,"B/op",,HEAVY,20,,
"org.neo4j.graphalgo.bench.PageRankBenchmark.run:·gc.churn.PS_Eden_Space","avgt",1,5,402.311123,1415.198896,"MB/sec",,HEAVY,20,,
"org.neo4j.graphalgo.bench.PageRankBenchmark.run:·gc.churn.PS_Eden_Space.norm","avgt",1,5,51127.911960,189075.271669,"B/op",,HEAVY,20,,
"org.neo4j.graphalgo.bench.PageRankBenchmark.run:·gc.churn.PS_Survivor_Space","avgt",1,5,0.369974,3.141007,"MB/sec",,HEAVY,20,,
"org.neo4j.graphalgo.bench.PageRankBenchmark.run:·gc.churn.PS_Survivor_Space.norm","avgt",1,5,59.472652,507.376293,"B/op",,HEAVY,20,,
"org.neo4j.graphalgo.bench.PageRankBenchmark.run:·gc.count","avgt",1,5,3.000000,NaN,"counts",,HEAVY,20,,
"org.neo4j.graphalgo.bench.PageRankBenchmark.run:·gc.time","avgt",1,5,55.000000,NaN,"ms",,HEAVY,20,,
"org.neo4j.graphalgo.bench.PageRankBenchmark.run","avgt",1,5,131.604179,52.679089,"us/op",,HEAVY,100,,
"org.neo4j.graphalgo.bench.PageRankBenchmark.run:·gc.alloc.rate","avgt",1,5,247.803107,127.506216,"MB/sec",,HEAVY,100,,
"org.neo4j.graphalgo.bench.PageRankBenchmark.run:·gc.alloc.rate.norm","avgt",1,5,51643.712094,719.978576,"B/op",,HEAVY,100,,
"org.neo4j.graphalgo.bench.PageRankBenchmark.run:·gc.churn.PS_Eden_Space","avgt",1,5,136.064553,1171.556836,"MB/sec",,HEAVY,100,,
"org.neo4j.graphalgo.bench.PageRankBenchmark.run:·gc.churn.PS_Eden_Space.norm","avgt",1,5,30017.943081,258463.542778,"B/op",,HEAVY,100,,
"org.neo4j.graphalgo.bench.PageRankBenchmark.run:·gc.churn.PS_Survivor_Space","avgt",1,5,0.366524,3.155881,"MB/sec",,HEAVY,100,,
"org.neo4j.graphalgo.bench.PageRankBenchmark.run:·gc.churn.PS_Survivor_Space.norm","avgt",1,5,80.860833,696.236159,"B/op",,HEAVY,100,,
"org.neo4j.graphalgo.bench.PageRankBenchmark.run:·gc.count","avgt",1,5,1.000000,NaN,"counts",,HEAVY,100,,
"org.neo4j.graphalgo.bench.PageRankBenchmark.run:·gc.time","avgt",1,5,117.000000,NaN,"ms",,HEAVY,100,,
"org.neo4j.graphalgo.bench.PageRankBenchmark.run","avgt",1,5,123.953022,75.700022,"us/op",,VIEW,5,,
"org.neo4j.graphalgo.bench.PageRankBenchmark.run:·gc.alloc.rate","avgt",1,5,265.536390,145.256156,"MB/sec",,VIEW,5,,
"org.neo4j.graphalgo.bench.PageRankBenchmark.run:·gc.alloc.rate.norm","avgt",1,5,51656.519869,554.785994,"B/op",,VIEW,5,,
"org.neo4j.graphalgo.bench.PageRankBenchmark.run:·gc.churn.PS_Eden_Space","avgt",1,5,263.008874,1388.402783,"MB/sec",,VIEW,5,,
"org.neo4j.graphalgo.bench.PageRankBenchmark.run:·gc.churn.PS_Eden_Space.norm","avgt",1,5,53308.668022,284796.130407,"B/op",,VIEW,5,,
"org.neo4j.graphalgo.bench.PageRankBenchmark.run:·gc.churn.PS_Survivor_Space","avgt",1,5,0.357171,3.033909,"MB/sec",,VIEW,5,,
"org.neo4j.graphalgo.bench.PageRankBenchmark.run:·gc.churn.PS_Survivor_Space.norm","avgt",1,5,78.447006,667.822619,"B/op",,VIEW,5,,
"org.neo4j.graphalgo.bench.PageRankBenchmark.run:·gc.count","avgt",1,5,2.000000,NaN,"counts",,VIEW,5,,
"org.neo4j.graphalgo.bench.PageRankBenchmark.run:·gc.time","avgt",1,5,95.000000,NaN,"ms",,VIEW,5,,
"org.neo4j.graphalgo.bench.PageRankBenchmark.run","avgt",1,5,473.471460,382.424099,"us/op",,VIEW,20,,
"org.neo4j.graphalgo.bench.PageRankBenchmark.run:·gc.alloc.rate","avgt",1,5,269.663447,171.218667,"MB/sec",,VIEW,20,,
"org.neo4j.graphalgo.bench.PageRankBenchmark.run:·gc.alloc.rate.norm","avgt",1,5,199652.252971,1833.114275,"B/op",,VIEW,20,,
"org.neo4j.graphalgo.bench.PageRankBenchmark.run:·gc.churn.PS_Eden_Space","avgt",1,5,272.710326,1437.923362,"MB/sec",,VIEW,20,,
"org.neo4j.graphalgo.bench.PageRankBenchmark.run:·gc.churn.PS_Eden_Space.norm","avgt",1,5,241057.710488,1284617.478923,"B/op",,VIEW,20,,
"org.neo4j.graphalgo.bench.PageRankBenchmark.run:·gc.churn.PS_Survivor_Space","avgt",1,5,0.351185,3.023763,"MB/sec",,VIEW,20,,
"org.neo4j.graphalgo.bench.PageRankBenchmark.run:·gc.churn.PS_Survivor_Space.norm","avgt",1,5,345.449184,2974.387386,"B/op",,VIEW,20,,
"org.neo4j.graphalgo.bench.PageRankBenchmark.run:·gc.count","avgt",1,5,2.000000,NaN,"counts",,VIEW,20,,
"org.neo4j.graphalgo.bench.PageRankBenchmark.run:·gc.time","avgt",1,5,262.000000,NaN,"ms",,VIEW,20,,
"org.neo4j.graphalgo.bench.PageRankBenchmark.run","avgt",1,5,1952.558418,392.615234,"us/op",,VIEW,100,,
"org.neo4j.graphalgo.bench.PageRankBenchmark.run:·gc.alloc.rate","avgt",1,5,327.299911,81.736131,"MB/sec",,VIEW,100,,
"org.neo4j.graphalgo.bench.PageRankBenchmark.run:·gc.alloc.rate.norm","avgt",1,5,1015872.722606,10212.521749,"B/op",,VIEW,100,,
"org.neo4j.graphalgo.bench.PageRankBenchmark.run:·gc.churn.PS_Eden_Space","avgt",1,5,400.310710,1408.728342,"MB/sec",,VIEW,100,,
"org.neo4j.graphalgo.bench.PageRankBenchmark.run:·gc.churn.PS_Eden_Space.norm","avgt",1,5,1273078.966236,4492376.812179,"B/op",,VIEW,100,,
"org.neo4j.graphalgo.bench.PageRankBenchmark.run:·gc.churn.PS_Survivor_Space","avgt",1,5,0.371012,3.029439,"MB/sec",,VIEW,100,,
"org.neo4j.graphalgo.bench.PageRankBenchmark.run:·gc.churn.PS_Survivor_Space.norm","avgt",1,5,1077.396944,8721.210039,"B/op",,VIEW,100,,
"org.neo4j.graphalgo.bench.PageRankBenchmark.run:·gc.count","avgt",1,5,3.000000,NaN,"counts",,VIEW,100,,
"org.neo4j.graphalgo.bench.PageRankBenchmark.run:·gc.time","avgt",1,5,119.000000,NaN,"ms",,VIEW,100,,
"org.neo4j.graphalgo.bench.UnionFindBenchmark._01_unbufferedUnionFind","avgt",1,10,3.675224,0.790892,"us/op",,,,,
"org.neo4j.graphalgo.bench.UnionFindBenchmark._01_unbufferedUnionFind:·gc.alloc.rate","avgt",1,10,227.837072,48.621458,"MB/sec",,,,,
"org.neo4j.graphalgo.bench.UnionFindBenchmark._01_unbufferedUnionFind:·gc.alloc.rate.norm","avgt",1,10,1296.006744,0.022152,"B/op",,,,,
"org.neo4j.graphalgo.bench.UnionFindBenchmark._01_unbufferedUnionFind:·gc.churn.PS_Eden_Space","avgt",1,10,155.831940,501.831566,"MB/sec",,,,,
"org.neo4j.graphalgo.bench.UnionFindBenchmark._01_unbufferedUnionFind:·gc.churn.PS_Eden_Space.norm","avgt",1,10,1056.610038,3502.284961,"B/op",,,,,
"org.neo4j.graphalgo.bench.UnionFindBenchmark._01_unbufferedUnionFind:·gc.churn.PS_Survivor_Space","avgt",1,10,0.020723,0.083812,"MB/sec",,,,,
"org.neo4j.graphalgo.bench.UnionFindBenchmark._01_unbufferedUnionFind:·gc.churn.PS_Survivor_Space.norm","avgt",1,10,0.125580,0.488342,"B/op",,,,,
"org.neo4j.graphalgo.bench.UnionFindBenchmark._01_unbufferedUnionFind:·gc.count","avgt",1,10,2.000000,NaN,"counts",,,,,
"org.neo4j.graphalgo.bench.UnionFindBenchmark._01_unbufferedUnionFind:·gc.time","avgt",1,10,241.000000,NaN,"ms",,,,,
"org.neo4j.graphalgo.bench.UnionFindBenchmark._02_bufferedUnionFind","avgt",1,10,0.412634,0.082454,"us/op",,,,,
"org.neo4j.graphalgo.bench.UnionFindBenchmark._02_bufferedUnionFind:·gc.alloc.rate","avgt",1,10,613.075268,119.095201,"MB/sec",,,,,
"org.neo4j.graphalgo.bench.UnionFindBenchmark._02_bufferedUnionFind:·gc.alloc.rate.norm","avgt",1,10,392.000785,0.002630,"B/op",,,,,
"org.neo4j.graphalgo.bench.UnionFindBenchmark._02_bufferedUnionFind:·gc.churn.PS_Eden_Space","avgt",1,10,620.031815,646.875155,"MB/sec",,,,,
"org.neo4j.graphalgo.bench.UnionFindBenchmark._02_bufferedUnionFind:·gc.churn.PS_Eden_Space.norm","avgt",1,10,417.494207,445.383838,"B/op",,,,,
"org.neo4j.graphalgo.bench.UnionFindBenchmark._02_bufferedUnionFind:·gc.churn.PS_Survivor_Space","avgt",1,10,0.012477,0.036152,"MB/sec",,,,,
"org.neo4j.graphalgo.bench.UnionFindBenchmark._02_bufferedUnionFind:·gc.churn.PS_Survivor_Space.norm","avgt",1,10,0.009065,0.026125,"B/op",,,,,
"org.neo4j.graphalgo.bench.UnionFindBenchmark._02_bufferedUnionFind:·gc.count","avgt",1,10,7.000000,NaN,"counts",,,,,
"org.neo4j.graphalgo.bench.UnionFindBenchmark._02_bufferedUnionFind:·gc.time","avgt",1,10,370.000000,NaN,"ms",,,,,
"org.neo4j.graphalgo.bench.UnionFindBenchmark._03_heavyGraphUnionFind","avgt",1,10,0.562664,0.151122,"us/op",,,,,
"org.neo4j.graphalgo.bench.UnionFindBenchmark._03_heavyGraphUnionFind:·gc.alloc.rate","avgt",1,10,626.819942,205.191706,"MB/sec",,,,,
"org.neo4j.graphalgo.bench.UnionFindBenchmark._03_heavyGraphUnionFind:·gc.alloc.rate.norm","avgt",1,10,536.001124,0.003653,"B/op",,,,,
"org.neo4j.graphalgo.bench.UnionFindBenchmark._03_heavyGraphUnionFind:·gc.churn.PS_Eden_Space","avgt",1,10,619.497966,646.319593,"MB/sec",,,,,
"org.neo4j.graphalgo.bench.UnionFindBenchmark._03_heavyGraphUnionFind:·gc.churn.PS_Eden_Space.norm","avgt",1,10,534.781307,593.716839,"B/op",,,,,
"org.neo4j.graphalgo.bench.UnionFindBenchmark._03_heavyGraphUnionFind:·gc.churn.PS_Survivor_Space","avgt",1,10,0.015598,0.035720,"MB/sec",,,,,
"org.neo4j.graphalgo.bench.UnionFindBenchmark._03_heavyGraphUnionFind:·gc.churn.PS_Survivor_Space.norm","avgt",1,10,0.011751,0.027493,"B/op",,,,,
"org.neo4j.graphalgo.bench.UnionFindBenchmark._03_heavyGraphUnionFind:·gc.count","avgt",1,10,7.000000,NaN,"counts",,,,,
"org.neo4j.graphalgo.bench.UnionFindBenchmark._03_heavyGraphUnionFind:·gc.time","avgt",1,10,372.000000,NaN,"ms",,,,,
"org.neo4j.graphalgo.bench.UnionFindBenchmark._04_lightGraphUnionFind","avgt",1,10,0.847007,0.189560,"us/op",,,,,
"org.neo4j.graphalgo.bench.UnionFindBenchmark._04_lightGraphUnionFind:·gc.alloc.rate","avgt",1,10,422.775829,99.716481,"MB/sec",,,,,
"org.neo4j.graphalgo.bench.UnionFindBenchmark._04_lightGraphUnionFind:·gc.alloc.rate.norm","avgt",1,10,552.001524,0.004946,"B/op",,,,,
"org.neo4j.graphalgo.bench.UnionFindBenchmark._04_lightGraphUnionFind:·gc.churn.PS_Eden_Space","avgt",1,10,441.065603,702.900569,"MB/sec",,,,,
"org.neo4j.graphalgo.bench.UnionFindBenchmark._04_lightGraphUnionFind:·gc.churn.PS_Eden_Space.norm","avgt",1,10,610.882765,992.408025,"B/op",,,,,
"org.neo4j.graphalgo.bench.UnionFindBenchmark._04_lightGraphUnionFind:·gc.churn.PS_Survivor_Space","avgt",1,10,0.003124,0.010617,"MB/sec",,,,,
"org.neo4j.graphalgo.bench.UnionFindBenchmark._04_lightGraphUnionFind:·gc.churn.PS_Survivor_Space.norm","avgt",1,10,0.004428,0.015534,"B/op",,,,,
"org.neo4j.graphalgo.bench.UnionFindBenchmark._04_lightGraphUnionFind:·gc.count","avgt",1,10,5.000000,NaN,"counts",,,,,
"org.neo4j.graphalgo.bench.UnionFindBenchmark._04_lightGraphUnionFind:·gc.time","avgt",1,10,157.000000,NaN,"ms",,,,,
"org.neo4j.graphalgo.bench.UnionFindBenchmark._05_buildBufferedDataSource","avgt",1,10,4.935765,3.986018,"us/op",,,,,
"org.neo4j.graphalgo.bench.UnionFindBenchmark._05_buildBufferedDataSource:·gc.alloc.rate","avgt",1,10,616.008803,271.124779,"MB/sec",,,,,
"org.neo4j.graphalgo.bench.UnionFindBenchmark._05_buildBufferedDataSource:·gc.alloc.rate.norm","avgt",1,10,4160.008217,0.025202,"B/op",,,,,
"org.neo4j.graphalgo.bench.UnionFindBenchmark._05_buildBufferedDataSource:·gc.churn.PS_Eden_Space","avgt",1,10,617.576488,644.314020,"MB/sec",,,,,
"org.neo4j.graphalgo.bench.UnionFindBenchmark._05_buildBufferedDataSource:·gc.churn.PS_Eden_Space.norm","avgt",1,10,5045.531417,7409.829798,"B/op",,,,,
"org.neo4j.graphalgo.bench.UnionFindBenchmark._05_buildBufferedDataSource:·gc.churn.PS_Survivor_Space","avgt",1,10,0.018744,0.060201,"MB/sec",,,,,
"org.neo4j.graphalgo.bench.UnionFindBenchmark._05_buildBufferedDataSource:·gc.churn.PS_Survivor_Space.norm","avgt",1,10,0.108854,0.346998,"B/op",,,,,
"org.neo4j.graphalgo.bench.UnionFindBenchmark._05_buildBufferedDataSource:·gc.count","avgt",1,10,7.000000,NaN,"counts",,,,,
"org.neo4j.graphalgo.bench.UnionFindBenchmark._05_buildBufferedDataSource:·gc.time","avgt",1,10,249.000000,NaN,"ms",,,,,
"org.neo4j.graphalgo.bench.UnionFindBenchmark._06_buildHeavyGraph","avgt",1,10,31.813965,10.323854,"us/op",,,,,
"org.neo4j.graphalgo.bench.UnionFindBenchmark._06_buildHeavyGraph:·gc.alloc.rate","avgt",1,10,1137.056468,298.955270,"MB/sec",,,,,
"org.neo4j.graphalgo.bench.UnionFindBenchmark._06_buildHeavyGraph:·gc.alloc.rate.norm","avgt",1,10,55048.059939,0.141264,"B/op",,,,,
"org.neo4j.graphalgo.bench.UnionFindBenchmark._06_buildHeavyGraph:·gc.churn.PS_Eden_Space","avgt",1,10,1160.264406,649.042830,"MB/sec",,,,,
"org.neo4j.graphalgo.bench.UnionFindBenchmark._06_buildHeavyGraph:·gc.churn.PS_Eden_Space.norm","avgt",1,10,57235.617170,31008.225333,"B/op",,,,,
"org.neo4j.graphalgo.bench.UnionFindBenchmark._06_buildHeavyGraph:·gc.churn.PS_Survivor_Space","avgt",1,10,0.071769,0.200510,"MB/sec",,,,,
"org.neo4j.graphalgo.bench.UnionFindBenchmark._06_buildHeavyGraph:·gc.churn.PS_Survivor_Space.norm","avgt",1,10,3.198113,8.927827,"B/op",,,,,
"org.neo4j.graphalgo.bench.UnionFindBenchmark._06_buildHeavyGraph:·gc.count","avgt",1,10,13.000000,NaN,"counts",,,,,
"org.neo4j.graphalgo.bench.UnionFindBenchmark._06_buildHeavyGraph:·gc.time","avgt",1,10,275.000000,NaN,"ms",,,,,
"org.neo4j.graphalgo.bench.UnionFindBenchmark._07_buildLightGraph","avgt",1,10,17.783855,5.768094,"us/op",,,,,
"org.neo4j.graphalgo.bench.UnionFindBenchmark._07_buildLightGraph:·gc.alloc.rate","avgt",1,10,745.279573,199.296608,"MB/sec",,,,,
"org.neo4j.graphalgo.bench.UnionFindBenchmark._07_buildLightGraph:·gc.alloc.rate.norm","avgt",1,10,20112.034015,0.087889,"B/op",,,,,
"org.neo4j.graphalgo.bench.UnionFindBenchmark._07_buildLightGraph:·gc.churn.PS_Eden_Space","avgt",1,10,707.626064,564.004927,"MB/sec",,,,,
"org.neo4j.graphalgo.bench.UnionFindBenchmark._07_buildLightGraph:·gc.churn.PS_Eden_Space.norm","avgt",1,10,20180.795079,17872.596965,"B/op",,,,,
"org.neo4j.graphalgo.bench.UnionFindBenchmark._07_buildLightGraph:·gc.churn.PS_Survivor_Space","avgt",1,10,0.047719,0.167148,"MB/sec",,,,,
"org.neo4j.graphalgo.bench.UnionFindBenchmark._07_buildLightGraph:·gc.churn.PS_Survivor_Space.norm","avgt",1,10,1.371345,5.039875,"B/op",,,,,
"org.neo4j.graphalgo.bench.UnionFindBenchmark._07_buildLightGraph:·gc.count","avgt",1,10,8.000000,NaN,"counts",,,,,
"org.neo4j.graphalgo.bench.UnionFindBenchmark._07_buildLightGraph:·gc.time","avgt",1,10,297.000000,NaN,"ms",,,,,
